<Environment>
	<Variable>
		<Name>AppStore</Name>
		<Value>D112</Value>
	</Variable>
	<Variable>
		<Name>AppURL</Name>
		<Value>https://q1opu5w1.edc.cingular.net:18443/opus/security/login.do</Value>
	</Variable>
	<Variable>
		<Name>LMT_Admin_Tool_URL</Name>
		<Value>https://lmt-qc.web.att.com/lmt/admin</Value>
	</Variable>
	<Variable>
		<Name>LMT_QC1_URL</Name>
		<Value>https://lmt-qc-cor.web.att.com/lmt/eligibility?schannel=COR#</Value>
	</Variable>
	<Variable>
		<Name>LMT_QC1_URL_LD</Name>
		<Value>https://lmt-qc-cor.web.att.com/lmt/eligibility?schannel=PDC#</Value>
	</Variable>
	<Variable>
		<Name>UPassword</Name>
		<Value>unix11</Value>
	</Variable>
	<Variable>
		<Name>UPassword_Admin</Name>
		<Value>123123a</Value>
	</Variable>
	<Variable>
		<Name>UserID</Name>
		<Value>as1127</Value>
	</Variable>
	<Variable>
		<Name>UserID_Admin</Name>
		<Value>gs546f</Value>
	</Variable>
	<Variable>
		<Name>AppURL_PVT_OPUS_LD</Name>
		<Value>https://opus-pvt-a1.web.att.com</Value>
	</Variable>
</Environment>
